operation,direction_key,slope,signed_slope,line_bin_width,line_id,n_pixels_used,used_fallback,line_median,global_median,stripe_offset_subtracted
dwt_broad_then_median_thin_primary:thin_primary,y_minus_x,0.9792723507257799,0.9792723507257799,2.0,-97,3,0,nan,0.0006766097436699554,0.0
dwt_broad_then_median_thin_primary:thin_primary,y_minus_x,0.9792723507257799,0.9792723507257799,2.0,-96,7,0,-0.07952834516977914,0.0006766097436699554,-0.08020495491344909
dwt_broad_then_median_thin_primary:thin_primary,y_minus_x,0.9792723507257799,0.9792723507257799,2.0,-95,11,0,-0.0703145204441516,0.0006766097436699554,-0.07099113018782155
dwt_broad_then_median_thin_primary:thin_primary,y_minus_x,0.9792723507257799,0.9792723507257799,2.0,-94,17,0,-0.06259557547397566,0.0006766097436699554,-0.06327218521764562
dwt_broad_then_median_thin_primary:thin_primary,y_minus_x,0.9792723507257799,0.9792723507257799,2.0,-93,21,0,-0.019730502324109125,0.0006766097436699554,-0.02040711206777908
dwt_broad_then_median_thin_primary:thin_primary,y_minus_x,0.9792723507257799,0.9792723507257799,2.0,-92,25,0,-0.042977120351544634,0.0006766097436699554,-0.04365373009521459
dwt_broad_then_median_thin_primary:thin_primary,y_minus_x,0.9792723507257799,0.9792723507257799,2.0,-91,29,0,-0.03119198587930234,0.0006766097436699554,-0.0318685956229723
dwt_broad_then_median_thin_primary:thin_primary,y_minus_x,0.9792723507257799,0.9792723507257799,2.0,-90,33,0,-0.020371058844481125,0.0006766097436699554,-0.021047668588151082
dwt_broad_then_median_thin_primary:thin_primary,y_minus_x,0.9792723507257799,0.9792723507257799,2.0,-89,37,0,-0.02753575660712483,0.0006766097436699554,-0.028212366350794785
dwt_broad_then_median_thin_primary:thin_primary,y_minus_x,0.9792723507257799,0.9792723507257799,2.0,-88,41,0,-0.04008035233193917,0.0006766097436699554,-0.040756962075609124
dwt_broad_then_median_thin_primary:thin_primary,y_minus_x,0.9792723507257799,0.9792723507257799,2.0,-87,45,0,-0.0251054389598845,0.0006766097436699554,-0.025782048703554453
dwt_broad_then_median_thin_primary:thin_primary,y_minus_x,0.9792723507257799,0.9792723507257799,2.0,-86,49,0,-0.005885830611250594,0.0006766097436699554,-0.00656244035492055
dwt_broad_then_median_thin_primary:thin_primary,y_minus_x,0.9792723507257799,0.9792723507257799,2.0,-85,53,0,-0.017724500110367736,0.0006766097436699554,-0.018401109854037694
dwt_broad_then_median_thin_primary:thin_primary,y_minus_x,0.9792723507257799,0.9792723507257799,2.0,-84,57,0,-0.014365545784516036,0.0006766097436699554,-0.015042155528185991
dwt_broad_then_median_thin_primary:thin_primary,y_minus_x,0.9792723507257799,0.9792723507257799,2.0,-83,61,0,-0.021909904462056873,0.0006766097436699554,-0.022586514205726826
dwt_broad_then_median_thin_primary:thin_primary,y_minus_x,0.9792723507257799,0.9792723507257799,2.0,-82,65,0,-0.010254912710923918,0.0006766097436699554,-0.010931522454593874
dwt_broad_then_median_thin_primary:thin_primary,y_minus_x,0.9792723507257799,0.9792723507257799,2.0,-81,69,0,-0.02085647432497183,0.0006766097436699554,-0.021533084068641788
dwt_broad_then_median_thin_primary:thin_primary,y_minus_x,0.9792723507257799,0.9792723507257799,2.0,-80,73,0,-0.004118652714179808,0.0006766097436699554,-0.004795262457849763
dwt_broad_then_median_thin_primary:thin_primary,y_minus_x,0.9792723507257799,0.9792723507257799,2.0,-79,77,0,-0.021942475896342715,0.0006766097436699554,-0.022619085640012672
dwt_broad_then_median_thin_primary:thin_primary,y_minus_x,0.9792723507257799,0.9792723507257799,2.0,-78,81,0,-0.018225440548720186,0.0006766097436699554,-0.018902050292390143
dwt_broad_then_median_thin_primary:thin_primary,y_minus_x,0.9792723507257799,0.9792723507257799,2.0,-77,85,0,-0.034695969797219624,0.0006766097436699554,-0.03537257954088958
dwt_broad_then_median_thin_primary:thin_primary,y_minus_x,0.9792723507257799,0.9792723507257799,2.0,-76,89,0,-0.013663511953806644,0.0006766097436699554,-0.0143401216974766
dwt_broad_then_median_thin_primary:thin_primary,y_minus_x,0.9792723507257799,0.9792723507257799,2.0,-75,93,0,-0.03041489110938182,0.0006766097436699554,-0.031091500853051776
dwt_broad_then_median_thin_primary:thin_primary,y_minus_x,0.9792723507257799,0.9792723507257799,2.0,-74,97,0,-0.03679439644857254,0.0006766097436699554,-0.037471006192242494
dwt_broad_then_median_thin_primary:thin_primary,y_minus_x,0.9792723507257799,0.9792723507257799,2.0,-73,101,0,-0.021262589178848015,0.0006766097436699554,-0.021939198922517972
dwt_broad_then_median_thin_primary:thin_primary,y_minus_x,0.9792723507257799,0.9792723507257799,2.0,-72,105,0,-0.027084192546142204,0.0006766097436699554,-0.02776080228981216
dwt_broad_then_median_thin_primary:thin_primary,y_minus_x,0.9792723507257799,0.9792723507257799,2.0,-71,110,0,-0.02324529594634963,0.0006766097436699554,-0.023921905690019583
dwt_broad_then_median_thin_primary:thin_primary,y_minus_x,0.9792723507257799,0.9792723507257799,2.0,-70,115,0,-0.007817032078696343,0.0006766097436699554,-0.008493641822366298
dwt_broad_then_median_thin_primary:thin_primary,y_minus_x,0.9792723507257799,0.9792723507257799,2.0,-69,119,0,-0.019769212443561137,0.0006766097436699554,-0.020445822187231094
dwt_broad_then_median_thin_primary:thin_primary,y_minus_x,0.9792723507257799,0.9792723507257799,2.0,-68,123,0,-0.014196149270331434,0.0006766097436699554,-0.01487275901400139
dwt_broad_then_median_thin_primary:thin_primary,y_minus_x,0.9792723507257799,0.9792723507257799,2.0,-67,127,0,-0.004023507239674567,0.0006766097436699554,-0.004700116983344522
dwt_broad_then_median_thin_primary:thin_primary,y_minus_x,0.9792723507257799,0.9792723507257799,2.0,-66,131,0,0.013076328950260938,0.0006766097436699554,0.012399719206590982
dwt_broad_then_median_thin_primary:thin_primary,y_minus_x,0.9792723507257799,0.9792723507257799,2.0,-65,135,0,0.0007281485052607617,0.0006766097436699554,5.153876159080632e-05
dwt_broad_then_median_thin_primary:thin_primary,y_minus_x,0.9792723507257799,0.9792723507257799,2.0,-64,139,0,0.006870074283527278,0.0006766097436699554,0.006193464539857323
dwt_broad_then_median_thin_primary:thin_primary,y_minus_x,0.9792723507257799,0.9792723507257799,2.0,-63,143,0,-0.007829260529550951,0.0006766097436699554,-0.008505870273220906
dwt_broad_then_median_thin_primary:thin_primary,y_minus_x,0.9792723507257799,0.9792723507257799,2.0,-62,147,0,0.007141682374919557,0.0006766097436699554,0.006465072631249602
dwt_broad_then_median_thin_primary:thin_primary,y_minus_x,0.9792723507257799,0.9792723507257799,2.0,-61,151,0,-0.0007820112195523316,0.0006766097436699554,-0.001458620963222287
dwt_broad_then_median_thin_primary:thin_primary,y_minus_x,0.9792723507257799,0.9792723507257799,2.0,-60,155,0,-0.014190883813152328,0.0006766097436699554,-0.014867493556822283
dwt_broad_then_median_thin_primary:thin_primary,y_minus_x,0.9792723507257799,0.9792723507257799,2.0,-59,159,0,-0.01004927669557076,0.0006766097436699554,-0.010725886439240715
dwt_broad_then_median_thin_primary:thin_primary,y_minus_x,0.9792723507257799,0.9792723507257799,2.0,-58,163,0,0.005754134567333522,0.0006766097436699554,0.005077524823663567
dwt_broad_then_median_thin_primary:thin_primary,y_minus_x,0.9792723507257799,0.9792723507257799,2.0,-57,167,0,0.0050642189011800365,0.0006766097436699554,0.004387609157510081
dwt_broad_then_median_thin_primary:thin_primary,y_minus_x,0.9792723507257799,0.9792723507257799,2.0,-56,171,0,-0.014005754947211502,0.0006766097436699554,-0.014682364690881458
dwt_broad_then_median_thin_primary:thin_primary,y_minus_x,0.9792723507257799,0.9792723507257799,2.0,-55,175,0,-0.00397915046618807,0.0006766097436699554,-0.004655760209858025
dwt_broad_then_median_thin_primary:thin_primary,y_minus_x,0.9792723507257799,0.9792723507257799,2.0,-54,179,0,-0.010632697356539881,0.0006766097436699554,-0.011309307100209836
dwt_broad_then_median_thin_primary:thin_primary,y_minus_x,0.9792723507257799,0.9792723507257799,2.0,-53,183,0,-0.01908187569297498,0.0006766097436699554,-0.019758485436644935
dwt_broad_then_median_thin_primary:thin_primary,y_minus_x,0.9792723507257799,0.9792723507257799,2.0,-52,187,0,-0.0038175503200008525,0.0006766097436699554,-0.004494160063670808
dwt_broad_then_median_thin_primary:thin_primary,y_minus_x,0.9792723507257799,0.9792723507257799,2.0,-51,191,0,-0.010363310976752697,0.0006766097436699554,-0.011039920720422652
dwt_broad_then_median_thin_primary:thin_primary,y_minus_x,0.9792723507257799,0.9792723507257799,2.0,-50,195,0,-0.012402983442295054,0.0006766097436699554,-0.01307959318596501
dwt_broad_then_median_thin_primary:thin_primary,y_minus_x,0.9792723507257799,0.9792723507257799,2.0,-49,199,0,-0.00909210702620659,0.0006766097436699554,-0.009768716769876545
dwt_broad_then_median_thin_primary:thin_primary,y_minus_x,0.9792723507257799,0.9792723507257799,2.0,-48,203,0,-0.00582299217531233,0.0006766097436699554,-0.006499601918982285
dwt_broad_then_median_thin_primary:thin_primary,y_minus_x,0.9792723507257799,0.9792723507257799,2.0,-47,209,0,-0.00289384695806901,0.0006766097436699554,-0.003570456701738965
dwt_broad_then_median_thin_primary:thin_primary,y_minus_x,0.9792723507257799,0.9792723507257799,2.0,-46,213,0,0.0025544643570165303,0.0006766097436699554,0.001877854613346575
dwt_broad_then_median_thin_primary:thin_primary,y_minus_x,0.9792723507257799,0.9792723507257799,2.0,-45,217,0,0.0010628988563759984,0.0006766097436699554,0.000386289112706043
dwt_broad_then_median_thin_primary:thin_primary,y_minus_x,0.9792723507257799,0.9792723507257799,2.0,-44,221,0,-0.003062968224542912,0.0006766097436699554,-0.0037395779682128675
dwt_broad_then_median_thin_primary:thin_primary,y_minus_x,0.9792723507257799,0.9792723507257799,2.0,-43,225,0,-0.00737038990988411,0.0006766097436699554,-0.008046999653554064
dwt_broad_then_median_thin_primary:thin_primary,y_minus_x,0.9792723507257799,0.9792723507257799,2.0,-42,229,0,0.006137438504204435,0.0006766097436699554,0.00546082876053448
dwt_broad_then_median_thin_primary:thin_primary,y_minus_x,0.9792723507257799,0.9792723507257799,2.0,-41,233,0,-0.001535321080065738,0.0006766097436699554,-0.0022119308237356933
dwt_broad_then_median_thin_primary:thin_primary,y_minus_x,0.9792723507257799,0.9792723507257799,2.0,-40,237,0,-0.0030693884171269486,0.0006766097436699554,-0.003745998160796904
dwt_broad_then_median_thin_primary:thin_primary,y_minus_x,0.9792723507257799,0.9792723507257799,2.0,-39,241,0,-0.0008354344900069833,0.0006766097436699554,-0.0015120442336769386
dwt_broad_then_median_thin_primary:thin_primary,y_minus_x,0.9792723507257799,0.9792723507257799,2.0,-38,245,0,-0.004919276783577138,0.0006766097436699554,-0.005595886527247094
dwt_broad_then_median_thin_primary:thin_primary,y_minus_x,0.9792723507257799,0.9792723507257799,2.0,-37,249,0,0.002291069105765043,0.0006766097436699554,0.0016144593620950878
dwt_broad_then_median_thin_primary:thin_primary,y_minus_x,0.9792723507257799,0.9792723507257799,2.0,-36,253,0,-7.882245738293284e-06,0.0006766097436699554,-0.0006844919894082487
dwt_broad_then_median_thin_primary:thin_primary,y_minus_x,0.9792723507257799,0.9792723507257799,2.0,-35,257,0,-0.0010167032234884702,0.0006766097436699554,-0.0016933129671584256
dwt_broad_then_median_thin_primary:thin_primary,y_minus_x,0.9792723507257799,0.9792723507257799,2.0,-34,261,0,-0.0008015957371136128,0.0006766097436699554,-0.0014782054807835681
dwt_broad_then_median_thin_primary:thin_primary,y_minus_x,0.9792723507257799,0.9792723507257799,2.0,-33,265,0,-0.0004568166274402201,0.0006766097436699554,-0.0011334263711101755
dwt_broad_then_median_thin_primary:thin_primary,y_minus_x,0.9792723507257799,0.9792723507257799,2.0,-32,269,0,-0.0035256308032679366,0.0006766097436699554,-0.004202240546937892
dwt_broad_then_median_thin_primary:thin_primary,y_minus_x,0.9792723507257799,0.9792723507257799,2.0,-31,273,0,-0.00042749016887311253,0.0006766097436699554,-0.001104099912543068
dwt_broad_then_median_thin_primary:thin_primary,y_minus_x,0.9792723507257799,0.9792723507257799,2.0,-30,277,0,-0.0021273587595997704,0.0006766097436699554,-0.002803968503269726
dwt_broad_then_median_thin_primary:thin_primary,y_minus_x,0.9792723507257799,0.9792723507257799,2.0,-29,281,0,0.0005502503973413807,0.0006766097436699554,-0.0001263593463285747
dwt_broad_then_median_thin_primary:thin_primary,y_minus_x,0.9792723507257799,0.9792723507257799,2.0,-28,285,0,0.0036682572693278806,0.0006766097436699554,0.0029916475256579252
dwt_broad_then_median_thin_primary:thin_primary,y_minus_x,0.9792723507257799,0.9792723507257799,2.0,-27,289,0,0.008568738142805392,0.0006766097436699554,0.007892128399135436
dwt_broad_then_median_thin_primary:thin_primary,y_minus_x,0.9792723507257799,0.9792723507257799,2.0,-26,293,0,0.0018008566627752862,0.0006766097436699554,0.0011242469191053309
dwt_broad_then_median_thin_primary:thin_primary,y_minus_x,0.9792723507257799,0.9792723507257799,2.0,-25,297,0,0.004579289367474691,0.0006766097436699554,0.0039026796238047353
dwt_broad_then_median_thin_primary:thin_primary,y_minus_x,0.9792723507257799,0.9792723507257799,2.0,-24,302,0,-0.0007081098507609319,0.0006766097436699554,-0.0013847195944308873
dwt_broad_then_median_thin_primary:thin_primary,y_minus_x,0.9792723507257799,0.9792723507257799,2.0,-23,307,0,0.007904988165280978,0.0006766097436699554,0.007228378421611023
dwt_broad_then_median_thin_primary:thin_primary,y_minus_x,0.9792723507257799,0.9792723507257799,2.0,-22,311,0,0.005427700199569421,0.0006766097436699554,0.004751090455899465
dwt_broad_then_median_thin_primary:thin_primary,y_minus_x,0.9792723507257799,0.9792723507257799,2.0,-21,315,0,0.00987936516364804,0.0006766097436699554,0.009202755419978085
dwt_broad_then_median_thin_primary:thin_primary,y_minus_x,0.9792723507257799,0.9792723507257799,2.0,-20,319,0,0.011182933019476683,0.0006766097436699554,0.010506323275806728
dwt_broad_then_median_thin_primary:thin_primary,y_minus_x,0.9792723507257799,0.9792723507257799,2.0,-19,323,0,0.0056933217260722885,0.0006766097436699554,0.005016711982402333
dwt_broad_then_median_thin_primary:thin_primary,y_minus_x,0.9792723507257799,0.9792723507257799,2.0,-18,327,0,0.011838229337180123,0.0006766097436699554,0.011161619593510167
dwt_broad_then_median_thin_primary:thin_primary,y_minus_x,0.9792723507257799,0.9792723507257799,2.0,-17,331,0,0.008796992066585924,0.0006766097436699554,0.008120382322915969
dwt_broad_then_median_thin_primary:thin_primary,y_minus_x,0.9792723507257799,0.9792723507257799,2.0,-16,335,0,0.0018784134849104822,0.0006766097436699554,0.0012018037412405268
dwt_broad_then_median_thin_primary:thin_primary,y_minus_x,0.9792723507257799,0.9792723507257799,2.0,-15,339,0,0.00040342307194491875,0.0006766097436699554,-0.0002731866717250366
dwt_broad_then_median_thin_primary:thin_primary,y_minus_x,0.9792723507257799,0.9792723507257799,2.0,-14,343,0,0.003913394345953042,0.0006766097436699554,0.0032367846022830866
dwt_broad_then_median_thin_primary:thin_primary,y_minus_x,0.9792723507257799,0.9792723507257799,2.0,-13,347,0,0.003075368018777669,0.0006766097436699554,0.0023987582751077135
dwt_broad_then_median_thin_primary:thin_primary,y_minus_x,0.9792723507257799,0.9792723507257799,2.0,-12,351,0,0.00847914704796729,0.0006766097436699554,0.007802537304297334
dwt_broad_then_median_thin_primary:thin_primary,y_minus_x,0.9792723507257799,0.9792723507257799,2.0,-11,355,0,0.006735187437054617,0.0006766097436699554,0.006058577693384661
dwt_broad_then_median_thin_primary:thin_primary,y_minus_x,0.9792723507257799,0.9792723507257799,2.0,-10,359,0,0.002795213694922886,0.0006766097436699554,0.0021186039512529307
dwt_broad_then_median_thin_primary:thin_primary,y_minus_x,0.9792723507257799,0.9792723507257799,2.0,-9,363,0,0.005483317018265061,0.0006766097436699554,0.004806707274595106
dwt_broad_then_median_thin_primary:thin_primary,y_minus_x,0.9792723507257799,0.9792723507257799,2.0,-8,367,0,0.009898341886738425,0.0006766097436699554,0.00922173214306847
dwt_broad_then_median_thin_primary:thin_primary,y_minus_x,0.9792723507257799,0.9792723507257799,2.0,-7,371,0,0.011038424665426344,0.0006766097436699554,0.010361814921756389
dwt_broad_then_median_thin_primary:thin_primary,y_minus_x,0.9792723507257799,0.9792723507257799,2.0,-6,375,0,0.007605093640648691,0.0006766097436699554,0.006928483896978735
dwt_broad_then_median_thin_primary:thin_primary,y_minus_x,0.9792723507257799,0.9792723507257799,2.0,-5,379,0,0.0021474098111464086,0.0006766097436699554,0.0014708000674764532
dwt_broad_then_median_thin_primary:thin_primary,y_minus_x,0.9792723507257799,0.9792723507257799,2.0,-4,383,0,9.006045739003155e-05,0.0006766097436699554,-0.0005865492862799238
dwt_broad_then_median_thin_primary:thin_primary,y_minus_x,0.9792723507257799,0.9792723507257799,2.0,-3,387,0,0.0029313260528554337,0.0006766097436699554,0.0022547163091854784
dwt_broad_then_median_thin_primary:thin_primary,y_minus_x,0.9792723507257799,0.9792723507257799,2.0,-2,391,0,0.008353574783788575,0.0006766097436699554,0.007676965040118619
dwt_broad_then_median_thin_primary:thin_primary,y_minus_x,0.9792723507257799,0.9792723507257799,2.0,-1,395,0,0.006267925782712255,0.0006766097436699554,0.0055913160390423
dwt_broad_then_median_thin_primary:thin_primary,y_minus_x,0.9792723507257799,0.9792723507257799,2.0,0,400,0,0.0016317027176207396,0.0006766097436699554,0.0009550929739507842
dwt_broad_then_median_thin_primary:thin_primary,y_minus_x,0.9792723507257799,0.9792723507257799,2.0,1,399,0,0.004558813651197518,0.0006766097436699554,0.0038822039075275625
dwt_broad_then_median_thin_primary:thin_primary,y_minus_x,0.9792723507257799,0.9792723507257799,2.0,2,401,0,-0.002622459237671934,0.0006766097436699554,-0.0032990689813418893
dwt_broad_then_median_thin_primary:thin_primary,y_minus_x,0.9792723507257799,0.9792723507257799,2.0,3,396,0,-0.004932045085719328,0.0006766097436699554,-0.005608654829389283
dwt_broad_then_median_thin_primary:thin_primary,y_minus_x,0.9792723507257799,0.9792723507257799,2.0,4,394,0,-0.0018771891705253842,0.0006766097436699554,-0.0025537989141953396
dwt_broad_then_median_thin_primary:thin_primary,y_minus_x,0.9792723507257799,0.9792723507257799,2.0,5,388,0,-0.003951080168257956,0.0006766097436699554,-0.004627689911927912
dwt_broad_then_median_thin_primary:thin_primary,y_minus_x,0.9792723507257799,0.9792723507257799,2.0,6,384,0,-0.003911320100422843,0.0006766097436699554,-0.004587929844092798
dwt_broad_then_median_thin_primary:thin_primary,y_minus_x,0.9792723507257799,0.9792723507257799,2.0,7,378,0,-0.0025764847191116326,0.0006766097436699554,-0.003253094462781588
dwt_broad_then_median_thin_primary:thin_primary,y_minus_x,0.9792723507257799,0.9792723507257799,2.0,8,376,0,-0.0070362554077090635,0.0006766097436699554,-0.007712865151379019
dwt_broad_then_median_thin_primary:thin_primary,y_minus_x,0.9792723507257799,0.9792723507257799,2.0,9,370,0,-0.009381391175179391,0.0006766097436699554,-0.010058000918849347
dwt_broad_then_median_thin_primary:thin_primary,y_minus_x,0.9792723507257799,0.9792723507257799,2.0,10,368,0,-0.00019706664165870547,0.0006766097436699554,-0.0008736763853286608
dwt_broad_then_median_thin_primary:thin_primary,y_minus_x,0.9792723507257799,0.9792723507257799,2.0,11,362,0,-0.0008303687422091463,0.0006766097436699554,-0.0015069784858791017
dwt_broad_then_median_thin_primary:thin_primary,y_minus_x,0.9792723507257799,0.9792723507257799,2.0,12,360,0,0.0017699057842956107,0.0006766097436699554,0.0010932960406256553
dwt_broad_then_median_thin_primary:thin_primary,y_minus_x,0.9792723507257799,0.9792723507257799,2.0,13,354,0,-0.006748601541586933,0.0006766097436699554,-0.0074252112852568886
dwt_broad_then_median_thin_primary:thin_primary,y_minus_x,0.9792723507257799,0.9792723507257799,2.0,14,352,0,-0.010735027676309392,0.0006766097436699554,-0.011411637419979347
dwt_broad_then_median_thin_primary:thin_primary,y_minus_x,0.9792723507257799,0.9792723507257799,2.0,15,346,0,-0.006065772768779993,0.0006766097436699554,-0.006742382512449949
dwt_broad_then_median_thin_primary:thin_primary,y_minus_x,0.9792723507257799,0.9792723507257799,2.0,16,344,0,-0.007187653723286451,0.0006766097436699554,-0.007864263466956407
dwt_broad_then_median_thin_primary:thin_primary,y_minus_x,0.9792723507257799,0.9792723507257799,2.0,17,338,0,-0.004714303905737905,0.0006766097436699554,-0.005390913649407861
dwt_broad_then_median_thin_primary:thin_primary,y_minus_x,0.9792723507257799,0.9792723507257799,2.0,18,336,0,-0.0020860118534538636,0.0006766097436699554,-0.002762621597123819
dwt_broad_then_median_thin_primary:thin_primary,y_minus_x,0.9792723507257799,0.9792723507257799,2.0,19,330,0,-0.004812601996217969,0.0006766097436699554,-0.005489211739887924
dwt_broad_then_median_thin_primary:thin_primary,y_minus_x,0.9792723507257799,0.9792723507257799,2.0,20,328,0,-0.0034710079422389994,0.0006766097436699554,-0.004147617685908955
dwt_broad_then_median_thin_primary:thin_primary,y_minus_x,0.9792723507257799,0.9792723507257799,2.0,21,322,0,-0.004189894348308211,0.0006766097436699554,-0.004866504091978166
dwt_broad_then_median_thin_primary:thin_primary,y_minus_x,0.9792723507257799,0.9792723507257799,2.0,22,320,0,0.001778515929364492,0.0006766097436699554,0.0011019061856945367
dwt_broad_then_median_thin_primary:thin_primary,y_minus_x,0.9792723507257799,0.9792723507257799,2.0,23,314,0,0.0007737349288011611,0.0006766097436699554,9.712518513120571e-05
dwt_broad_then_median_thin_primary:thin_primary,y_minus_x,0.9792723507257799,0.9792723507257799,2.0,24,312,0,-0.006714740026911712,0.0006766097436699554,-0.007391349770581667
dwt_broad_then_median_thin_primary:thin_primary,y_minus_x,0.9792723507257799,0.9792723507257799,2.0,25,306,0,-0.0003074571949272831,0.0006766097436699554,-0.0009840669385972386
dwt_broad_then_median_thin_primary:thin_primary,y_minus_x,0.9792723507257799,0.9792723507257799,2.0,26,304,0,-0.009441233578054552,0.0006766097436699554,-0.010117843321724508
dwt_broad_then_median_thin_primary:thin_primary,y_minus_x,0.9792723507257799,0.9792723507257799,2.0,27,298,0,-0.007428958531590531,0.0006766097436699554,-0.008105568275260487
dwt_broad_then_median_thin_primary:thin_primary,y_minus_x,0.9792723507257799,0.9792723507257799,2.0,28,296,0,0.00227963818795112,0.0006766097436699554,0.0016030284442811646
dwt_broad_then_median_thin_primary:thin_primary,y_minus_x,0.9792723507257799,0.9792723507257799,2.0,29,289,0,0.0012216703350538295,0.0006766097436699554,0.0005450605913838742
dwt_broad_then_median_thin_primary:thin_primary,y_minus_x,0.9792723507257799,0.9792723507257799,2.0,30,286,0,-0.003792432808499494,0.0006766097436699554,-0.004469042552169449
dwt_broad_then_median_thin_primary:thin_primary,y_minus_x,0.9792723507257799,0.9792723507257799,2.0,31,280,0,0.0013071510841610626,0.0006766097436699554,0.0006305413404911072
dwt_broad_then_median_thin_primary:thin_primary,y_minus_x,0.9792723507257799,0.9792723507257799,2.0,32,278,0,0.001027037345858484,0.0006766097436699554,0.0003504276021885286
dwt_broad_then_median_thin_primary:thin_primary,y_minus_x,0.9792723507257799,0.9792723507257799,2.0,33,272,0,-0.002684876813801633,0.0006766097436699554,-0.0033614865574715883
dwt_broad_then_median_thin_primary:thin_primary,y_minus_x,0.9792723507257799,0.9792723507257799,2.0,34,270,0,0.0019054522479367546,0.0006766097436699554,0.0012288425042667993
dwt_broad_then_median_thin_primary:thin_primary,y_minus_x,0.9792723507257799,0.9792723507257799,2.0,35,264,0,3.210882722416324e-05,0.0006766097436699554,-0.0006445009164457921
dwt_broad_then_median_thin_primary:thin_primary,y_minus_x,0.9792723507257799,0.9792723507257799,2.0,36,262,0,-0.004957437361911012,0.0006766097436699554,-0.005634047105580967
dwt_broad_then_median_thin_primary:thin_primary,y_minus_x,0.9792723507257799,0.9792723507257799,2.0,37,256,0,-0.009527571469438813,0.0006766097436699554,-0.010204181213108768
dwt_broad_then_median_thin_primary:thin_primary,y_minus_x,0.9792723507257799,0.9792723507257799,2.0,38,254,0,0.0053511654930835885,0.0006766097436699554,0.004674555749413633
dwt_broad_then_median_thin_primary:thin_primary,y_minus_x,0.9792723507257799,0.9792723507257799,2.0,39,248,0,-0.0022705136409579526,0.0006766097436699554,-0.002947123384627908
dwt_broad_then_median_thin_primary:thin_primary,y_minus_x,0.9792723507257799,0.9792723507257799,2.0,40,246,0,0.004347393985386316,0.0006766097436699554,0.0036707842417163603
dwt_broad_then_median_thin_primary:thin_primary,y_minus_x,0.9792723507257799,0.9792723507257799,2.0,41,240,0,-0.0004453280047129384,0.0006766097436699554,-0.0011219377483828938
dwt_broad_then_median_thin_primary:thin_primary,y_minus_x,0.9792723507257799,0.9792723507257799,2.0,42,238,0,0.006077122146707109,0.0006766097436699554,0.005400512403037154
dwt_broad_then_median_thin_primary:thin_primary,y_minus_x,0.9792723507257799,0.9792723507257799,2.0,43,232,0,0.0071977527551567435,0.0006766097436699554,0.006521143011486788
dwt_broad_then_median_thin_primary:thin_primary,y_minus_x,0.9792723507257799,0.9792723507257799,2.0,44,230,0,0.008925479870248026,0.0006766097436699554,0.008248870126578071
dwt_broad_then_median_thin_primary:thin_primary,y_minus_x,0.9792723507257799,0.9792723507257799,2.0,45,224,0,0.004417806088218281,0.0006766097436699554,0.0037411963445483252
dwt_broad_then_median_thin_primary:thin_primary,y_minus_x,0.9792723507257799,0.9792723507257799,2.0,46,222,0,0.0016267392135905568,0.0006766097436699554,0.0009501294699206014
dwt_broad_then_median_thin_primary:thin_primary,y_minus_x,0.9792723507257799,0.9792723507257799,2.0,47,216,0,0.007211535822455785,0.0006766097436699554,0.006534926078785829
dwt_broad_then_median_thin_primary:thin_primary,y_minus_x,0.9792723507257799,0.9792723507257799,2.0,48,214,0,0.008241896634214952,0.0006766097436699554,0.007565286890544996
dwt_broad_then_median_thin_primary:thin_primary,y_minus_x,0.9792723507257799,0.9792723507257799,2.0,49,208,0,0.009509290623510826,0.0006766097436699554,0.008832680879840871
dwt_broad_then_median_thin_primary:thin_primary,y_minus_x,0.9792723507257799,0.9792723507257799,2.0,50,206,0,-0.00015810960842054574,0.0006766097436699554,-0.0008347193520905011
dwt_broad_then_median_thin_primary:thin_primary,y_minus_x,0.9792723507257799,0.9792723507257799,2.0,51,200,0,0.006262002054741461,0.0006766097436699554,0.005585392311071506
dwt_broad_then_median_thin_primary:thin_primary,y_minus_x,0.9792723507257799,0.9792723507257799,2.0,52,198,0,0.001120411781738692,0.0006766097436699554,0.0004438020380687366
dwt_broad_then_median_thin_primary:thin_primary,y_minus_x,0.9792723507257799,0.9792723507257799,2.0,53,190,0,0.0009360362773628823,0.0006766097436699554,0.000259426533692927
dwt_broad_then_median_thin_primary:thin_primary,y_minus_x,0.9792723507257799,0.9792723507257799,2.0,54,188,0,0.006544928168916086,0.0006766097436699554,0.005868318425246131
dwt_broad_then_median_thin_primary:thin_primary,y_minus_x,0.9792723507257799,0.9792723507257799,2.0,55,182,0,0.005532911161983465,0.0006766097436699554,0.004856301418313509
dwt_broad_then_median_thin_primary:thin_primary,y_minus_x,0.9792723507257799,0.9792723507257799,2.0,56,180,0,0.007194250481642451,0.0006766097436699554,0.0065176407379724955
dwt_broad_then_median_thin_primary:thin_primary,y_minus_x,0.9792723507257799,0.9792723507257799,2.0,57,174,0,0.011162709289775545,0.0006766097436699554,0.01048609954610559
dwt_broad_then_median_thin_primary:thin_primary,y_minus_x,0.9792723507257799,0.9792723507257799,2.0,58,172,0,0.01315557177776222,0.0006766097436699554,0.012478962034092265
dwt_broad_then_median_thin_primary:thin_primary,y_minus_x,0.9792723507257799,0.9792723507257799,2.0,59,166,0,0.00629431345703271,0.0006766097436699554,0.005617703713362754
dwt_broad_then_median_thin_primary:thin_primary,y_minus_x,0.9792723507257799,0.9792723507257799,2.0,60,164,0,-0.007061026500505394,0.0006766097436699554,-0.007737636244175349
dwt_broad_then_median_thin_primary:thin_primary,y_minus_x,0.9792723507257799,0.9792723507257799,2.0,61,158,0,0.01689592078183008,0.0006766097436699554,0.016219311038160128
dwt_broad_then_median_thin_primary:thin_primary,y_minus_x,0.9792723507257799,0.9792723507257799,2.0,62,156,0,0.03195971441460965,0.0006766097436699554,0.0312831046709397
dwt_broad_then_median_thin_primary:thin_primary,y_minus_x,0.9792723507257799,0.9792723507257799,2.0,63,150,0,0.15467403631793025,0.0006766097436699554,0.1539974265742603
dwt_broad_then_median_thin_primary:thin_primary,y_minus_x,0.9792723507257799,0.9792723507257799,2.0,64,148,0,0.04726816842856028,0.0006766097436699554,0.04659155868489032
dwt_broad_then_median_thin_primary:thin_primary,y_minus_x,0.9792723507257799,0.9792723507257799,2.0,65,142,0,0.020035746368179765,0.0006766097436699554,0.01935913662450981
dwt_broad_then_median_thin_primary:thin_primary,y_minus_x,0.9792723507257799,0.9792723507257799,2.0,66,140,0,0.011942723042555121,0.0006766097436699554,0.011266113298885166
dwt_broad_then_median_thin_primary:thin_primary,y_minus_x,0.9792723507257799,0.9792723507257799,2.0,67,134,0,0.0068784156901747105,0.0006766097436699554,0.006201805946504755
dwt_broad_then_median_thin_primary:thin_primary,y_minus_x,0.9792723507257799,0.9792723507257799,2.0,68,132,0,0.01087344179548387,0.0006766097436699554,0.010196832051813915
dwt_broad_then_median_thin_primary:thin_primary,y_minus_x,0.9792723507257799,0.9792723507257799,2.0,69,126,0,0.007336655825269819,0.0006766097436699554,0.006660046081599863
dwt_broad_then_median_thin_primary:thin_primary,y_minus_x,0.9792723507257799,0.9792723507257799,2.0,70,124,0,0.00823994088324463,0.0006766097436699554,0.007563331139574674
dwt_broad_then_median_thin_primary:thin_primary,y_minus_x,0.9792723507257799,0.9792723507257799,2.0,71,118,0,-0.004853208001707281,0.0006766097436699554,-0.005529817745377237
dwt_broad_then_median_thin_primary:thin_primary,y_minus_x,0.9792723507257799,0.9792723507257799,2.0,72,116,0,0.0019704370200222896,0.0006766097436699554,0.0012938272763523342
dwt_broad_then_median_thin_primary:thin_primary,y_minus_x,0.9792723507257799,0.9792723507257799,2.0,73,110,0,0.0024961514808741307,0.0006766097436699554,0.0018195417372041753
dwt_broad_then_median_thin_primary:thin_primary,y_minus_x,0.9792723507257799,0.9792723507257799,2.0,74,108,0,0.0014329318183368203,0.0006766097436699554,0.000756322074666865
dwt_broad_then_median_thin_primary:thin_primary,y_minus_x,0.9792723507257799,0.9792723507257799,2.0,75,102,0,-0.007070204677193008,0.0006766097436699554,-0.007746814420862964
dwt_broad_then_median_thin_primary:thin_primary,y_minus_x,0.9792723507257799,0.9792723507257799,2.0,76,99,0,0.0030150809136389265,0.0006766097436699554,0.002338471169968971
dwt_broad_then_median_thin_primary:thin_primary,y_minus_x,0.9792723507257799,0.9792723507257799,2.0,77,92,0,-0.00418202771072616,0.0006766097436699554,-0.004858637454396115
dwt_broad_then_median_thin_primary:thin_primary,y_minus_x,0.9792723507257799,0.9792723507257799,2.0,78,90,0,-0.0064413016182394275,0.0006766097436699554,-0.007117911361909383
dwt_broad_then_median_thin_primary:thin_primary,y_minus_x,0.9792723507257799,0.9792723507257799,2.0,79,84,0,0.012568567995399096,0.0006766097436699554,0.01189195825172914
dwt_broad_then_median_thin_primary:thin_primary,y_minus_x,0.9792723507257799,0.9792723507257799,2.0,80,82,0,0.014839425266695724,0.0006766097436699554,0.014162815523025769
dwt_broad_then_median_thin_primary:thin_primary,y_minus_x,0.9792723507257799,0.9792723507257799,2.0,81,76,0,0.011923275503070093,0.0006766097436699554,0.011246665759400138
dwt_broad_then_median_thin_primary:thin_primary,y_minus_x,0.9792723507257799,0.9792723507257799,2.0,82,74,0,0.015146202339401442,0.0006766097436699554,0.014469592595731487
dwt_broad_then_median_thin_primary:thin_primary,y_minus_x,0.9792723507257799,0.9792723507257799,2.0,83,68,0,0.00939918126843681,0.0006766097436699554,0.008722571524766855
dwt_broad_then_median_thin_primary:thin_primary,y_minus_x,0.9792723507257799,0.9792723507257799,2.0,84,66,0,-0.003554116477206864,0.0006766097436699554,-0.004230726220876819
dwt_broad_then_median_thin_primary:thin_primary,y_minus_x,0.9792723507257799,0.9792723507257799,2.0,85,60,0,0.02583715559130139,0.0006766097436699554,0.025160545847631437
dwt_broad_then_median_thin_primary:thin_primary,y_minus_x,0.9792723507257799,0.9792723507257799,2.0,86,58,0,0.025058719518848714,0.0006766097436699554,0.02438210977517876
dwt_broad_then_median_thin_primary:thin_primary,y_minus_x,0.9792723507257799,0.9792723507257799,2.0,87,52,0,0.005194855698548993,0.0006766097436699554,0.0045182459548790375
dwt_broad_then_median_thin_primary:thin_primary,y_minus_x,0.9792723507257799,0.9792723507257799,2.0,88,50,0,0.01876638324279478,0.0006766097436699554,0.01808977349912482
dwt_broad_then_median_thin_primary:thin_primary,y_minus_x,0.9792723507257799,0.9792723507257799,2.0,89,44,0,0.023584049360021786,0.0006766097436699554,0.022907439616351832
dwt_broad_then_median_thin_primary:thin_primary,y_minus_x,0.9792723507257799,0.9792723507257799,2.0,90,42,0,0.014463164319018252,0.0006766097436699554,0.013786554575348296
dwt_broad_then_median_thin_primary:thin_primary,y_minus_x,0.9792723507257799,0.9792723507257799,2.0,91,36,0,0.014982753605894539,0.0006766097436699554,0.014306143862224584
dwt_broad_then_median_thin_primary:thin_primary,y_minus_x,0.9792723507257799,0.9792723507257799,2.0,92,34,0,0.014528744402118203,0.0006766097436699554,0.013852134658448248
dwt_broad_then_median_thin_primary:thin_primary,y_minus_x,0.9792723507257799,0.9792723507257799,2.0,93,28,0,0.01835090080476973,0.0006766097436699554,0.017674291061099773
dwt_broad_then_median_thin_primary:thin_primary,y_minus_x,0.9792723507257799,0.9792723507257799,2.0,94,26,0,0.010154970129268727,0.0006766097436699554,0.009478360385598772
dwt_broad_then_median_thin_primary:thin_primary,y_minus_x,0.9792723507257799,0.9792723507257799,2.0,95,20,0,0.006851869870459072,0.0006766097436699554,0.006175260126789117
dwt_broad_then_median_thin_primary:thin_primary,y_minus_x,0.9792723507257799,0.9792723507257799,2.0,96,18,0,4.501412587070916e-06,0.0006766097436699554,-0.0006721083310828845
dwt_broad_then_median_thin_primary:thin_primary,y_minus_x,0.9792723507257799,0.9792723507257799,2.0,97,12,0,-0.002129992755523834,0.0006766097436699554,-0.0028066024991937892
dwt_broad_then_median_thin_primary:thin_primary,y_minus_x,0.9792723507257799,0.9792723507257799,2.0,98,10,0,-0.025182082217552096,0.0006766097436699554,-0.02585869196122205
dwt_broad_then_median_thin_primary:thin_primary,y_minus_x,0.9792723507257799,0.9792723507257799,2.0,99,4,0,nan,0.0006766097436699554,0.0
dwt_broad_then_median_thin_primary:thin_primary,y_minus_x,0.9792723507257799,0.9792723507257799,2.0,100,1,0,nan,0.0006766097436699554,0.0
dwt_broad_then_median_thin_primary_orthogonal:thin_orthogonal,y_plus_x,1.0211663785451084,-1.0211663785451084,2.0,0,2,0,nan,0.0006766097436699554,0.0
dwt_broad_then_median_thin_primary_orthogonal:thin_orthogonal,y_plus_x,1.0211663785451084,-1.0211663785451084,2.0,1,4,0,nan,0.0006766097436699554,0.0
dwt_broad_then_median_thin_primary_orthogonal:thin_orthogonal,y_plus_x,1.0211663785451084,-1.0211663785451084,2.0,2,10,0,-0.00507261450704332,0.0006766097436699554,-0.0057492242507132755
dwt_broad_then_median_thin_primary_orthogonal:thin_orthogonal,y_plus_x,1.0211663785451084,-1.0211663785451084,2.0,3,12,0,-0.0038752681469516755,0.0006766097436699554,-0.004551877890621631
dwt_broad_then_median_thin_primary_orthogonal:thin_orthogonal,y_plus_x,1.0211663785451084,-1.0211663785451084,2.0,4,18,0,-0.008262318914888295,0.0006766097436699554,-0.00893892865855825
dwt_broad_then_median_thin_primary_orthogonal:thin_orthogonal,y_plus_x,1.0211663785451084,-1.0211663785451084,2.0,5,20,0,0.002878996401682528,0.0006766097436699554,0.0022023866580125726
dwt_broad_then_median_thin_primary_orthogonal:thin_orthogonal,y_plus_x,1.0211663785451084,-1.0211663785451084,2.0,6,26,0,-0.011919849458888618,0.0006766097436699554,-0.012596459202558573
dwt_broad_then_median_thin_primary_orthogonal:thin_orthogonal,y_plus_x,1.0211663785451084,-1.0211663785451084,2.0,7,28,0,-0.013834958242142283,0.0006766097436699554,-0.014511567985812239
dwt_broad_then_median_thin_primary_orthogonal:thin_orthogonal,y_plus_x,1.0211663785451084,-1.0211663785451084,2.0,8,34,0,-0.0007483106866223177,0.0006766097436699554,-0.001424920430292273
dwt_broad_then_median_thin_primary_orthogonal:thin_orthogonal,y_plus_x,1.0211663785451084,-1.0211663785451084,2.0,9,36,0,-0.0026368368021008025,0.0006766097436699554,-0.003313446545770758
dwt_broad_then_median_thin_primary_orthogonal:thin_orthogonal,y_plus_x,1.0211663785451084,-1.0211663785451084,2.0,10,42,0,0.002829684553840896,0.0006766097436699554,0.002153074810170941
dwt_broad_then_median_thin_primary_orthogonal:thin_orthogonal,y_plus_x,1.0211663785451084,-1.0211663785451084,2.0,11,44,0,0.010441411363019636,0.0006766097436699554,0.009764801619349681
dwt_broad_then_median_thin_primary_orthogonal:thin_orthogonal,y_plus_x,1.0211663785451084,-1.0211663785451084,2.0,12,50,0,0.01064805599756462,0.0006766097436699554,0.009971446253894664
dwt_broad_then_median_thin_primary_orthogonal:thin_orthogonal,y_plus_x,1.0211663785451084,-1.0211663785451084,2.0,13,52,0,3.1896675009548264e-05,0.0006766097436699554,-0.0006447130686604071
dwt_broad_then_median_thin_primary_orthogonal:thin_orthogonal,y_plus_x,1.0211663785451084,-1.0211663785451084,2.0,14,58,0,-0.0005684960362017629,0.0006766097436699554,-0.0012451057798717182
dwt_broad_then_median_thin_primary_orthogonal:thin_orthogonal,y_plus_x,1.0211663785451084,-1.0211663785451084,2.0,15,60,0,0.0012496680797071504,0.0006766097436699554,0.000573058336037195
dwt_broad_then_median_thin_primary_orthogonal:thin_orthogonal,y_plus_x,1.0211663785451084,-1.0211663785451084,2.0,16,66,0,0.00872589418009732,0.0006766097436699554,0.008049284436427365
dwt_broad_then_median_thin_primary_orthogonal:thin_orthogonal,y_plus_x,1.0211663785451084,-1.0211663785451084,2.0,17,68,0,0.011917835227487225,0.0006766097436699554,0.01124122548381727
dwt_broad_then_median_thin_primary_orthogonal:thin_orthogonal,y_plus_x,1.0211663785451084,-1.0211663785451084,2.0,18,74,0,0.012736635133666577,0.0006766097436699554,0.012060025389996622
dwt_broad_then_median_thin_primary_orthogonal:thin_orthogonal,y_plus_x,1.0211663785451084,-1.0211663785451084,2.0,19,76,0,0.011288665630397383,0.0006766097436699554,0.010612055886727428
dwt_broad_then_median_thin_primary_orthogonal:thin_orthogonal,y_plus_x,1.0211663785451084,-1.0211663785451084,2.0,20,82,0,0.00469093714913494,0.0006766097436699554,0.004014327405464984
dwt_broad_then_median_thin_primary_orthogonal:thin_orthogonal,y_plus_x,1.0211663785451084,-1.0211663785451084,2.0,21,84,0,0.0009144131953051395,0.0006766097436699554,0.00023780345163518408
dwt_broad_then_median_thin_primary_orthogonal:thin_orthogonal,y_plus_x,1.0211663785451084,-1.0211663785451084,2.0,22,90,0,-0.0024186242701605505,0.0006766097436699554,-0.003095234013830506
dwt_broad_then_median_thin_primary_orthogonal:thin_orthogonal,y_plus_x,1.0211663785451084,-1.0211663785451084,2.0,23,92,0,-0.004433454954965735,0.0006766097436699554,-0.00511006469863569
dwt_broad_then_median_thin_primary_orthogonal:thin_orthogonal,y_plus_x,1.0211663785451084,-1.0211663785451084,2.0,24,97,0,0.010230636015624496,0.0006766097436699554,0.00955402627195454
dwt_broad_then_median_thin_primary_orthogonal:thin_orthogonal,y_plus_x,1.0211663785451084,-1.0211663785451084,2.0,25,98,0,0.0093892810901277,0.0006766097436699554,0.008712671346457744
dwt_broad_then_median_thin_primary_orthogonal:thin_orthogonal,y_plus_x,1.0211663785451084,-1.0211663785451084,2.0,26,104,0,0.007530760748771596,0.0006766097436699554,0.006854151005101641
dwt_broad_then_median_thin_primary_orthogonal:thin_orthogonal,y_plus_x,1.0211663785451084,-1.0211663785451084,2.0,27,106,0,0.0022636842315947015,0.0006766097436699554,0.0015870744879247461
dwt_broad_then_median_thin_primary_orthogonal:thin_orthogonal,y_plus_x,1.0211663785451084,-1.0211663785451084,2.0,28,112,0,-0.00699379613747688,0.0006766097436699554,-0.007670405881146835
dwt_broad_then_median_thin_primary_orthogonal:thin_orthogonal,y_plus_x,1.0211663785451084,-1.0211663785451084,2.0,29,114,0,0.004490930017865673,0.0006766097436699554,0.0038143202741957177
dwt_broad_then_median_thin_primary_orthogonal:thin_orthogonal,y_plus_x,1.0211663785451084,-1.0211663785451084,2.0,30,120,0,0.006112329154969447,0.0006766097436699554,0.005435719411299491
dwt_broad_then_median_thin_primary_orthogonal:thin_orthogonal,y_plus_x,1.0211663785451084,-1.0211663785451084,2.0,31,122,0,-0.003086054020250078,0.0006766097436699554,-0.0037626637639200334
dwt_broad_then_median_thin_primary_orthogonal:thin_orthogonal,y_plus_x,1.0211663785451084,-1.0211663785451084,2.0,32,128,0,0.0014668136740089495,0.0006766097436699554,0.0007902039303389942
dwt_broad_then_median_thin_primary_orthogonal:thin_orthogonal,y_plus_x,1.0211663785451084,-1.0211663785451084,2.0,33,130,0,0.007567504210816929,0.0006766097436699554,0.006890894467146974
dwt_broad_then_median_thin_primary_orthogonal:thin_orthogonal,y_plus_x,1.0211663785451084,-1.0211663785451084,2.0,34,136,0,0.00677896594130499,0.0006766097436699554,0.006102356197635035
dwt_broad_then_median_thin_primary_orthogonal:thin_orthogonal,y_plus_x,1.0211663785451084,-1.0211663785451084,2.0,35,138,0,0.008954323290446611,0.0006766097436699554,0.008277713546776656
dwt_broad_then_median_thin_primary_orthogonal:thin_orthogonal,y_plus_x,1.0211663785451084,-1.0211663785451084,2.0,36,144,0,0.007966341186965114,0.0006766097436699554,0.007289731443295158
dwt_broad_then_median_thin_primary_orthogonal:thin_orthogonal,y_plus_x,1.0211663785451084,-1.0211663785451084,2.0,37,146,0,0.015579481604346464,0.0006766097436699554,0.014902871860676509
dwt_broad_then_median_thin_primary_orthogonal:thin_orthogonal,y_plus_x,1.0211663785451084,-1.0211663785451084,2.0,38,152,0,0.0032033849068761064,0.0006766097436699554,0.002526775163206151
dwt_broad_then_median_thin_primary_orthogonal:thin_orthogonal,y_plus_x,1.0211663785451084,-1.0211663785451084,2.0,39,154,0,-0.0038053502512338296,0.0006766097436699554,-0.004481959994903785
dwt_broad_then_median_thin_primary_orthogonal:thin_orthogonal,y_plus_x,1.0211663785451084,-1.0211663785451084,2.0,40,160,0,0.0015337357760499242,0.0006766097436699554,0.0008571260323799689
dwt_broad_then_median_thin_primary_orthogonal:thin_orthogonal,y_plus_x,1.0211663785451084,-1.0211663785451084,2.0,41,162,0,0.0010071187607820953,0.0006766097436699554,0.00033050901711213993
dwt_broad_then_median_thin_primary_orthogonal:thin_orthogonal,y_plus_x,1.0211663785451084,-1.0211663785451084,2.0,42,168,0,-6.928923594849701e-05,0.0006766097436699554,-0.0007458989796184524
dwt_broad_then_median_thin_primary_orthogonal:thin_orthogonal,y_plus_x,1.0211663785451084,-1.0211663785451084,2.0,43,170,0,0.004079576805560604,0.0006766097436699554,0.0034029670618906487
dwt_broad_then_median_thin_primary_orthogonal:thin_orthogonal,y_plus_x,1.0211663785451084,-1.0211663785451084,2.0,44,176,0,0.006503202502236059,0.0006766097436699554,0.005826592758566103
dwt_broad_then_median_thin_primary_orthogonal:thin_orthogonal,y_plus_x,1.0211663785451084,-1.0211663785451084,2.0,45,178,0,0.00323795309108173,0.0006766097436699554,0.0025613433474117745
dwt_broad_then_median_thin_primary_orthogonal:thin_orthogonal,y_plus_x,1.0211663785451084,-1.0211663785451084,2.0,46,184,0,0.0030010659688765183,0.0006766097436699554,0.002324456225206563
dwt_broad_then_median_thin_primary_orthogonal:thin_orthogonal,y_plus_x,1.0211663785451084,-1.0211663785451084,2.0,47,186,0,-0.0017142255055187113,0.0006766097436699554,-0.0023908352491886667
dwt_broad_then_median_thin_primary_orthogonal:thin_orthogonal,y_plus_x,1.0211663785451084,-1.0211663785451084,2.0,48,191,0,0.005682186599211475,0.0006766097436699554,0.00500557685554152
dwt_broad_then_median_thin_primary_orthogonal:thin_orthogonal,y_plus_x,1.0211663785451084,-1.0211663785451084,2.0,49,192,0,0.004390157010322034,0.0006766097436699554,0.0037135472666520782
dwt_broad_then_median_thin_primary_orthogonal:thin_orthogonal,y_plus_x,1.0211663785451084,-1.0211663785451084,2.0,50,198,0,0.004001631540730802,0.0006766097436699554,0.003325021797060847
dwt_broad_then_median_thin_primary_orthogonal:thin_orthogonal,y_plus_x,1.0211663785451084,-1.0211663785451084,2.0,51,200,0,0.0009405361965203226,0.0006766097436699554,0.0002639264528503673
dwt_broad_then_median_thin_primary_orthogonal:thin_orthogonal,y_plus_x,1.0211663785451084,-1.0211663785451084,2.0,52,206,0,0.0008293239094344985,0.0006766097436699554,0.00015271416576454313
dwt_broad_then_median_thin_primary_orthogonal:thin_orthogonal,y_plus_x,1.0211663785451084,-1.0211663785451084,2.0,53,208,0,0.004667283259064198,0.0006766097436699554,0.003990673515394243
dwt_broad_then_median_thin_primary_orthogonal:thin_orthogonal,y_plus_x,1.0211663785451084,-1.0211663785451084,2.0,54,214,0,0.001118874793452107,0.0006766097436699554,0.00044226504978215155
dwt_broad_then_median_thin_primary_orthogonal:thin_orthogonal,y_plus_x,1.0211663785451084,-1.0211663785451084,2.0,55,216,0,0.0005419409230797342,0.0006766097436699554,-0.0001346688205902212
dwt_broad_then_median_thin_primary_orthogonal:thin_orthogonal,y_plus_x,1.0211663785451084,-1.0211663785451084,2.0,56,222,0,-0.0018964741440927906,0.0006766097436699554,-0.002573083887762746
dwt_broad_then_median_thin_primary_orthogonal:thin_orthogonal,y_plus_x,1.0211663785451084,-1.0211663785451084,2.0,57,224,0,-0.0011292664230325845,0.0006766097436699554,-0.0018058761667025399
dwt_broad_then_median_thin_primary_orthogonal:thin_orthogonal,y_plus_x,1.0211663785451084,-1.0211663785451084,2.0,58,230,0,0.0011273271522383296,0.0006766097436699554,0.00045071740856837423
dwt_broad_then_median_thin_primary_orthogonal:thin_orthogonal,y_plus_x,1.0211663785451084,-1.0211663785451084,2.0,59,232,0,0.0012582036549334714,0.0006766097436699554,0.0005815939112635161
dwt_broad_then_median_thin_primary_orthogonal:thin_orthogonal,y_plus_x,1.0211663785451084,-1.0211663785451084,2.0,60,238,0,-0.00010126594288241203,0.0006766097436699554,-0.0007778756865523674
dwt_broad_then_median_thin_primary_orthogonal:thin_orthogonal,y_plus_x,1.0211663785451084,-1.0211663785451084,2.0,61,240,0,-0.004782365371092338,0.0006766097436699554,-0.005458975114762293
dwt_broad_then_median_thin_primary_orthogonal:thin_orthogonal,y_plus_x,1.0211663785451084,-1.0211663785451084,2.0,62,246,0,-0.0006025126140346106,0.0006766097436699554,-0.001279122357704566
dwt_broad_then_median_thin_primary_orthogonal:thin_orthogonal,y_plus_x,1.0211663785451084,-1.0211663785451084,2.0,63,248,0,-0.00047029029827221915,0.0006766097436699554,-0.0011469000419421745
dwt_broad_then_median_thin_primary_orthogonal:thin_orthogonal,y_plus_x,1.0211663785451084,-1.0211663785451084,2.0,64,254,0,-0.0035398766512359436,0.0006766097436699554,-0.004216486394905899
dwt_broad_then_median_thin_primary_orthogonal:thin_orthogonal,y_plus_x,1.0211663785451084,-1.0211663785451084,2.0,65,256,0,-0.0038870999394453767,0.0006766097436699554,-0.0045637096831153325
dwt_broad_then_median_thin_primary_orthogonal:thin_orthogonal,y_plus_x,1.0211663785451084,-1.0211663785451084,2.0,66,262,0,-0.007296927423999593,0.0006766097436699554,-0.007973537167669548
dwt_broad_then_median_thin_primary_orthogonal:thin_orthogonal,y_plus_x,1.0211663785451084,-1.0211663785451084,2.0,67,264,0,-0.0008911117392992008,0.0006766097436699554,-0.0015677214829691562
dwt_broad_then_median_thin_primary_orthogonal:thin_orthogonal,y_plus_x,1.0211663785451084,-1.0211663785451084,2.0,68,270,0,-0.0008667024447079033,0.0006766097436699554,-0.0015433121883778587
dwt_broad_then_median_thin_primary_orthogonal:thin_orthogonal,y_plus_x,1.0211663785451084,-1.0211663785451084,2.0,69,272,0,-0.0024710071988338408,0.0006766097436699554,-0.003147616942503796
dwt_broad_then_median_thin_primary_orthogonal:thin_orthogonal,y_plus_x,1.0211663785451084,-1.0211663785451084,2.0,70,278,0,-0.005179103104523143,0.0006766097436699554,-0.005855712848193098
dwt_broad_then_median_thin_primary_orthogonal:thin_orthogonal,y_plus_x,1.0211663785451084,-1.0211663785451084,2.0,71,280,0,-0.0017326084684009583,0.0006766097436699554,-0.0024092182120709136
dwt_broad_then_median_thin_primary_orthogonal:thin_orthogonal,y_plus_x,1.0211663785451084,-1.0211663785451084,2.0,72,285,0,-0.0016738661750261355,0.0006766097436699554,-0.002350475918696091
dwt_broad_then_median_thin_primary_orthogonal:thin_orthogonal,y_plus_x,1.0211663785451084,-1.0211663785451084,2.0,73,286,0,-0.004576503102815621,0.0006766097436699554,-0.005253112846485576
dwt_broad_then_median_thin_primary_orthogonal:thin_orthogonal,y_plus_x,1.0211663785451084,-1.0211663785451084,2.0,74,292,0,-0.007190306786026946,0.0006766097436699554,-0.007866916529696902
dwt_broad_then_median_thin_primary_orthogonal:thin_orthogonal,y_plus_x,1.0211663785451084,-1.0211663785451084,2.0,75,294,0,-0.003963978858274452,0.0006766097436699554,-0.004640588601944408
dwt_broad_then_median_thin_primary_orthogonal:thin_orthogonal,y_plus_x,1.0211663785451084,-1.0211663785451084,2.0,76,300,0,-0.006641311031320108,0.0006766097436699554,-0.007317920774990064
dwt_broad_then_median_thin_primary_orthogonal:thin_orthogonal,y_plus_x,1.0211663785451084,-1.0211663785451084,2.0,77,302,0,-0.004942677785146881,0.0006766097436699554,-0.005619287528816836
dwt_broad_then_median_thin_primary_orthogonal:thin_orthogonal,y_plus_x,1.0211663785451084,-1.0211663785451084,2.0,78,308,0,-0.0016002541779873616,0.0006766097436699554,-0.002276863921657317
dwt_broad_then_median_thin_primary_orthogonal:thin_orthogonal,y_plus_x,1.0211663785451084,-1.0211663785451084,2.0,79,310,0,-0.005731159618298594,0.0006766097436699554,-0.0064077693619685495
dwt_broad_then_median_thin_primary_orthogonal:thin_orthogonal,y_plus_x,1.0211663785451084,-1.0211663785451084,2.0,80,316,0,-0.003994731150046121,0.0006766097436699554,-0.004671340893716076
dwt_broad_then_median_thin_primary_orthogonal:thin_orthogonal,y_plus_x,1.0211663785451084,-1.0211663785451084,2.0,81,318,0,-0.00569953996819207,0.0006766097436699554,-0.006376149711862025
dwt_broad_then_median_thin_primary_orthogonal:thin_orthogonal,y_plus_x,1.0211663785451084,-1.0211663785451084,2.0,82,324,0,-0.004026953863295676,0.0006766097436699554,-0.004703563606965631
dwt_broad_then_median_thin_primary_orthogonal:thin_orthogonal,y_plus_x,1.0211663785451084,-1.0211663785451084,2.0,83,326,0,-0.0029283276989503972,0.0006766097436699554,-0.0036049374426203526
dwt_broad_then_median_thin_primary_orthogonal:thin_orthogonal,y_plus_x,1.0211663785451084,-1.0211663785451084,2.0,84,332,0,0.00030386146906814576,0.0006766097436699554,-0.0003727482746018096
dwt_broad_then_median_thin_primary_orthogonal:thin_orthogonal,y_plus_x,1.0211663785451084,-1.0211663785451084,2.0,85,334,0,-0.0026823681533073946,0.0006766097436699554,-0.00335897789697735
dwt_broad_then_median_thin_primary_orthogonal:thin_orthogonal,y_plus_x,1.0211663785451084,-1.0211663785451084,2.0,86,340,0,-0.0006597419791251934,0.0006766097436699554,-0.0013363517227951488
dwt_broad_then_median_thin_primary_orthogonal:thin_orthogonal,y_plus_x,1.0211663785451084,-1.0211663785451084,2.0,87,342,0,-0.0015584360844011838,0.0006766097436699554,-0.002235045828071139
dwt_broad_then_median_thin_primary_orthogonal:thin_orthogonal,y_plus_x,1.0211663785451084,-1.0211663785451084,2.0,88,348,0,-0.00014979452487392944,0.0006766097436699554,-0.0008264042685438848
dwt_broad_then_median_thin_primary_orthogonal:thin_orthogonal,y_plus_x,1.0211663785451084,-1.0211663785451084,2.0,89,350,0,4.29904237505066e-06,0.0006766097436699554,-0.0006723107012949047
dwt_broad_then_median_thin_primary_orthogonal:thin_orthogonal,y_plus_x,1.0211663785451084,-1.0211663785451084,2.0,90,356,0,0.000126342122759417,0.0006766097436699554,-0.0005502676209105384
dwt_broad_then_median_thin_primary_orthogonal:thin_orthogonal,y_plus_x,1.0211663785451084,-1.0211663785451084,2.0,91,358,0,0.0006766097436699554,0.0006766097436699554,0.0
dwt_broad_then_median_thin_primary_orthogonal:thin_orthogonal,y_plus_x,1.0211663785451084,-1.0211663785451084,2.0,92,364,0,-0.0021195772632886566,0.0006766097436699554,-0.002796187006958612
dwt_broad_then_median_thin_primary_orthogonal:thin_orthogonal,y_plus_x,1.0211663785451084,-1.0211663785451084,2.0,93,366,0,-0.00011322682080450132,0.0006766097436699554,-0.0007898365644744567
dwt_broad_then_median_thin_primary_orthogonal:thin_orthogonal,y_plus_x,1.0211663785451084,-1.0211663785451084,2.0,94,372,0,0.0007243195005051787,0.0006766097436699554,4.7709756835223344e-05
dwt_broad_then_median_thin_primary_orthogonal:thin_orthogonal,y_plus_x,1.0211663785451084,-1.0211663785451084,2.0,95,374,0,0.0015139794433791957,0.0006766097436699554,0.0008373696997092403
dwt_broad_then_median_thin_primary_orthogonal:thin_orthogonal,y_plus_x,1.0211663785451084,-1.0211663785451084,2.0,96,379,0,-0.0023051097412379404,0.0006766097436699554,-0.002981719484907896
dwt_broad_then_median_thin_primary_orthogonal:thin_orthogonal,y_plus_x,1.0211663785451084,-1.0211663785451084,2.0,97,380,0,0.005634612869658691,0.0006766097436699554,0.004958003125988736
dwt_broad_then_median_thin_primary_orthogonal:thin_orthogonal,y_plus_x,1.0211663785451084,-1.0211663785451084,2.0,98,386,0,0.00384586677628051,0.0006766097436699554,0.0031692570326105544
dwt_broad_then_median_thin_primary_orthogonal:thin_orthogonal,y_plus_x,1.0211663785451084,-1.0211663785451084,2.0,99,388,0,0.0009850161155596435,0.0006766097436699554,0.0003084063718896881
dwt_broad_then_median_thin_primary_orthogonal:thin_orthogonal,y_plus_x,1.0211663785451084,-1.0211663785451084,2.0,100,392,0,0.0007487029054975466,0.0006766097436699554,7.209316182759122e-05
dwt_broad_then_median_thin_primary_orthogonal:thin_orthogonal,y_plus_x,1.0211663785451084,-1.0211663785451084,2.0,101,392,0,0.0033202822760157054,0.0006766097436699554,0.00264367253234575
dwt_broad_then_median_thin_primary_orthogonal:thin_orthogonal,y_plus_x,1.0211663785451084,-1.0211663785451084,2.0,102,391,0,-0.0002889693721472644,0.0006766097436699554,-0.0009655791158172198
dwt_broad_then_median_thin_primary_orthogonal:thin_orthogonal,y_plus_x,1.0211663785451084,-1.0211663785451084,2.0,103,387,0,-0.0003713957583706315,0.0006766097436699554,-0.001048005502040587
dwt_broad_then_median_thin_primary_orthogonal:thin_orthogonal,y_plus_x,1.0211663785451084,-1.0211663785451084,2.0,104,383,0,0.0019445467309050007,0.0006766097436699554,0.0012679369872350453
dwt_broad_then_median_thin_primary_orthogonal:thin_orthogonal,y_plus_x,1.0211663785451084,-1.0211663785451084,2.0,105,379,0,-0.00032867028300471307,0.0006766097436699554,-0.0010052800266746684
dwt_broad_then_median_thin_primary_orthogonal:thin_orthogonal,y_plus_x,1.0211663785451084,-1.0211663785451084,2.0,106,375,0,-0.0030062900282732214,0.0006766097436699554,-0.003682899771943177
dwt_broad_then_median_thin_primary_orthogonal:thin_orthogonal,y_plus_x,1.0211663785451084,-1.0211663785451084,2.0,107,371,0,-0.000989596097369573,0.0006766097436699554,-0.0016662058410395284
dwt_broad_then_median_thin_primary_orthogonal:thin_orthogonal,y_plus_x,1.0211663785451084,-1.0211663785451084,2.0,108,367,0,0.0006262096325731475,0.0006766097436699554,-5.040011109680789e-05
dwt_broad_then_median_thin_primary_orthogonal:thin_orthogonal,y_plus_x,1.0211663785451084,-1.0211663785451084,2.0,109,363,0,-0.00036484561220450056,0.0006766097436699554,-0.001041455355874456
dwt_broad_then_median_thin_primary_orthogonal:thin_orthogonal,y_plus_x,1.0211663785451084,-1.0211663785451084,2.0,110,359,0,0.0006766097436699554,0.0006766097436699554,0.0
dwt_broad_then_median_thin_primary_orthogonal:thin_orthogonal,y_plus_x,1.0211663785451084,-1.0211663785451084,2.0,111,355,0,-0.0024080866422141953,0.0006766097436699554,-0.0030846963858841506
dwt_broad_then_median_thin_primary_orthogonal:thin_orthogonal,y_plus_x,1.0211663785451084,-1.0211663785451084,2.0,112,351,0,-0.004104593279540932,0.0006766097436699554,-0.004781203023210888
dwt_broad_then_median_thin_primary_orthogonal:thin_orthogonal,y_plus_x,1.0211663785451084,-1.0211663785451084,2.0,113,347,0,-0.003307338980890288,0.0006766097436699554,-0.003983948724560244
dwt_broad_then_median_thin_primary_orthogonal:thin_orthogonal,y_plus_x,1.0211663785451084,-1.0211663785451084,2.0,114,343,0,-0.0012055009322031376,0.0006766097436699554,-0.001882110675873093
dwt_broad_then_median_thin_primary_orthogonal:thin_orthogonal,y_plus_x,1.0211663785451084,-1.0211663785451084,2.0,115,339,0,-0.00200264091591576,0.0006766097436699554,-0.0026792506595857152
dwt_broad_then_median_thin_primary_orthogonal:thin_orthogonal,y_plus_x,1.0211663785451084,-1.0211663785451084,2.0,116,335,0,-0.004250848871194795,0.0006766097436699554,-0.00492745861486475
dwt_broad_then_median_thin_primary_orthogonal:thin_orthogonal,y_plus_x,1.0211663785451084,-1.0211663785451084,2.0,117,331,0,-0.0008512035572319676,0.0006766097436699554,-0.001527813300901923
dwt_broad_then_median_thin_primary_orthogonal:thin_orthogonal,y_plus_x,1.0211663785451084,-1.0211663785451084,2.0,118,327,0,-0.00734997987327689,0.0006766097436699554,-0.008026589616946845
dwt_broad_then_median_thin_primary_orthogonal:thin_orthogonal,y_plus_x,1.0211663785451084,-1.0211663785451084,2.0,119,323,0,-0.005181589690915846,0.0006766097436699554,-0.005858199434585801
dwt_broad_then_median_thin_primary_orthogonal:thin_orthogonal,y_plus_x,1.0211663785451084,-1.0211663785451084,2.0,120,319,0,-0.004789336399126596,0.0006766097436699554,-0.005465946142796552
dwt_broad_then_median_thin_primary_orthogonal:thin_orthogonal,y_plus_x,1.0211663785451084,-1.0211663785451084,2.0,121,315,0,-0.0009794919739265252,0.0006766097436699554,-0.0016561017175964806
dwt_broad_then_median_thin_primary_orthogonal:thin_orthogonal,y_plus_x,1.0211663785451084,-1.0211663785451084,2.0,122,311,0,0.002608357103218605,0.0006766097436699554,0.0019317473595486497
dwt_broad_then_median_thin_primary_orthogonal:thin_orthogonal,y_plus_x,1.0211663785451084,-1.0211663785451084,2.0,123,307,0,-0.004207989477467124,0.0006766097436699554,-0.004884599221137079
dwt_broad_then_median_thin_primary_orthogonal:thin_orthogonal,y_plus_x,1.0211663785451084,-1.0211663785451084,2.0,124,304,0,-0.002202809490814586,0.0006766097436699554,-0.0028794192344845414
dwt_broad_then_median_thin_primary_orthogonal:thin_orthogonal,y_plus_x,1.0211663785451084,-1.0211663785451084,2.0,125,301,0,-0.0039295681026178895,0.0006766097436699554,-0.004606177846287845
dwt_broad_then_median_thin_primary_orthogonal:thin_orthogonal,y_plus_x,1.0211663785451084,-1.0211663785451084,2.0,126,297,0,-0.0012580156123909812,0.0006766097436699554,-0.0019346253560609365
dwt_broad_then_median_thin_primary_orthogonal:thin_orthogonal,y_plus_x,1.0211663785451084,-1.0211663785451084,2.0,127,293,0,-0.0030065934869683113,0.0006766097436699554,-0.0036832032306382666
dwt_broad_then_median_thin_primary_orthogonal:thin_orthogonal,y_plus_x,1.0211663785451084,-1.0211663785451084,2.0,128,289,0,0.004199585294879973,0.0006766097436699554,0.003522975551210018
dwt_broad_then_median_thin_primary_orthogonal:thin_orthogonal,y_plus_x,1.0211663785451084,-1.0211663785451084,2.0,129,285,0,0.0005004533174900972,0.0006766097436699554,-0.00017615642617985813
dwt_broad_then_median_thin_primary_orthogonal:thin_orthogonal,y_plus_x,1.0211663785451084,-1.0211663785451084,2.0,130,281,0,0.0006288585412771977,0.0006766097436699554,-4.7751202392757675e-05
dwt_broad_then_median_thin_primary_orthogonal:thin_orthogonal,y_plus_x,1.0211663785451084,-1.0211663785451084,2.0,131,277,0,-0.003589443454284056,0.0006766097436699554,-0.004266053197954011
dwt_broad_then_median_thin_primary_orthogonal:thin_orthogonal,y_plus_x,1.0211663785451084,-1.0211663785451084,2.0,132,273,0,0.003429077764678986,0.0006766097436699554,0.0027524680210090306
dwt_broad_then_median_thin_primary_orthogonal:thin_orthogonal,y_plus_x,1.0211663785451084,-1.0211663785451084,2.0,133,269,0,0.0024024553346376296,0.0006766097436699554,0.0017258455909676743
dwt_broad_then_median_thin_primary_orthogonal:thin_orthogonal,y_plus_x,1.0211663785451084,-1.0211663785451084,2.0,134,265,0,0.002538202623557885,0.0006766097436699554,0.0018615928798879295
dwt_broad_then_median_thin_primary_orthogonal:thin_orthogonal,y_plus_x,1.0211663785451084,-1.0211663785451084,2.0,135,261,0,0.0036102019596945794,0.0006766097436699554,0.002933592216024624
dwt_broad_then_median_thin_primary_orthogonal:thin_orthogonal,y_plus_x,1.0211663785451084,-1.0211663785451084,2.0,136,257,0,0.010183585218510444,0.0006766097436699554,0.009506975474840489
dwt_broad_then_median_thin_primary_orthogonal:thin_orthogonal,y_plus_x,1.0211663785451084,-1.0211663785451084,2.0,137,253,0,0.007211849151472044,0.0006766097436699554,0.006535239407802089
dwt_broad_then_median_thin_primary_orthogonal:thin_orthogonal,y_plus_x,1.0211663785451084,-1.0211663785451084,2.0,138,249,0,0.005201594120135494,0.0006766097436699554,0.0045249843764655386
dwt_broad_then_median_thin_primary_orthogonal:thin_orthogonal,y_plus_x,1.0211663785451084,-1.0211663785451084,2.0,139,245,0,0.009154740294186437,0.0006766097436699554,0.008478130550516482
dwt_broad_then_median_thin_primary_orthogonal:thin_orthogonal,y_plus_x,1.0211663785451084,-1.0211663785451084,2.0,140,241,0,0.0035011998239203096,0.0006766097436699554,0.002824590080250354
dwt_broad_then_median_thin_primary_orthogonal:thin_orthogonal,y_plus_x,1.0211663785451084,-1.0211663785451084,2.0,141,237,0,0.008466644549504874,0.0006766097436699554,0.007790034805834919
dwt_broad_then_median_thin_primary_orthogonal:thin_orthogonal,y_plus_x,1.0211663785451084,-1.0211663785451084,2.0,142,233,0,0.009690209413508366,0.0006766097436699554,0.009013599669838411
dwt_broad_then_median_thin_primary_orthogonal:thin_orthogonal,y_plus_x,1.0211663785451084,-1.0211663785451084,2.0,143,229,0,0.0008278701359383574,0.0006766097436699554,0.00015126039226840207
dwt_broad_then_median_thin_primary_orthogonal:thin_orthogonal,y_plus_x,1.0211663785451084,-1.0211663785451084,2.0,144,225,0,0.0016952616708814311,0.0006766097436699554,0.0010186519272114758
dwt_broad_then_median_thin_primary_orthogonal:thin_orthogonal,y_plus_x,1.0211663785451084,-1.0211663785451084,2.0,145,221,0,0.004386862411698872,0.0006766097436699554,0.0037102526680289167
dwt_broad_then_median_thin_primary_orthogonal:thin_orthogonal,y_plus_x,1.0211663785451084,-1.0211663785451084,2.0,146,217,0,0.009298413130586885,0.0006766097436699554,0.00862180338691693
dwt_broad_then_median_thin_primary_orthogonal:thin_orthogonal,y_plus_x,1.0211663785451084,-1.0211663785451084,2.0,147,213,0,0.008165620745277522,0.0006766097436699554,0.007489011001607567
dwt_broad_then_median_thin_primary_orthogonal:thin_orthogonal,y_plus_x,1.0211663785451084,-1.0211663785451084,2.0,148,210,0,0.0015026204500563785,0.0006766097436699554,0.0008260107063864232
dwt_broad_then_median_thin_primary_orthogonal:thin_orthogonal,y_plus_x,1.0211663785451084,-1.0211663785451084,2.0,149,207,0,0.003355741761089711,0.0006766097436699554,0.0026791320174197556
dwt_broad_then_median_thin_primary_orthogonal:thin_orthogonal,y_plus_x,1.0211663785451084,-1.0211663785451084,2.0,150,203,0,0.0006525770834883338,0.0006766097436699554,-2.4032660181621613e-05
dwt_broad_then_median_thin_primary_orthogonal:thin_orthogonal,y_plus_x,1.0211663785451084,-1.0211663785451084,2.0,151,199,0,0.002950759402408378,0.0006766097436699554,0.002274149658738423
dwt_broad_then_median_thin_primary_orthogonal:thin_orthogonal,y_plus_x,1.0211663785451084,-1.0211663785451084,2.0,152,195,0,0.008870114151246134,0.0006766097436699554,0.008193504407576178
dwt_broad_then_median_thin_primary_orthogonal:thin_orthogonal,y_plus_x,1.0211663785451084,-1.0211663785451084,2.0,153,191,0,0.016234084586250516,0.0006766097436699554,0.01555747484258056
dwt_broad_then_median_thin_primary_orthogonal:thin_orthogonal,y_plus_x,1.0211663785451084,-1.0211663785451084,2.0,154,187,0,0.007142385741027992,0.0006766097436699554,0.006465775997358036
dwt_broad_then_median_thin_primary_orthogonal:thin_orthogonal,y_plus_x,1.0211663785451084,-1.0211663785451084,2.0,155,183,0,0.005020662299442137,0.0006766097436699554,0.004344052555772182
dwt_broad_then_median_thin_primary_orthogonal:thin_orthogonal,y_plus_x,1.0211663785451084,-1.0211663785451084,2.0,156,179,0,0.004495811574220162,0.0006766097436699554,0.0038192018305502062
dwt_broad_then_median_thin_primary_orthogonal:thin_orthogonal,y_plus_x,1.0211663785451084,-1.0211663785451084,2.0,157,175,0,0.002919975443483833,0.0006766097436699554,0.0022433656998138776
dwt_broad_then_median_thin_primary_orthogonal:thin_orthogonal,y_plus_x,1.0211663785451084,-1.0211663785451084,2.0,158,171,0,0.003910335460444983,0.0006766097436699554,0.003233725716775028
dwt_broad_then_median_thin_primary_orthogonal:thin_orthogonal,y_plus_x,1.0211663785451084,-1.0211663785451084,2.0,159,167,0,0.005362704293868943,0.0006766097436699554,0.004686094550198988
dwt_broad_then_median_thin_primary_orthogonal:thin_orthogonal,y_plus_x,1.0211663785451084,-1.0211663785451084,2.0,160,163,0,0.0008296105165463332,0.0006766097436699554,0.00015300077287637784
dwt_broad_then_median_thin_primary_orthogonal:thin_orthogonal,y_plus_x,1.0211663785451084,-1.0211663785451084,2.0,161,159,0,-0.003039694012913362,0.0006766097436699554,-0.0037163037565833175
dwt_broad_then_median_thin_primary_orthogonal:thin_orthogonal,y_plus_x,1.0211663785451084,-1.0211663785451084,2.0,162,155,0,0.0016073468705490208,0.0006766097436699554,0.0009307371268790655
dwt_broad_then_median_thin_primary_orthogonal:thin_orthogonal,y_plus_x,1.0211663785451084,-1.0211663785451084,2.0,163,151,0,0.0007641257186924945,0.0006766097436699554,8.751597502253908e-05
dwt_broad_then_median_thin_primary_orthogonal:thin_orthogonal,y_plus_x,1.0211663785451084,-1.0211663785451084,2.0,164,147,0,0.011096882014052333,0.0006766097436699554,0.010420272270382377
dwt_broad_then_median_thin_primary_orthogonal:thin_orthogonal,y_plus_x,1.0211663785451084,-1.0211663785451084,2.0,165,143,0,0.0070699048214342315,0.0006766097436699554,0.006393295077764276
dwt_broad_then_median_thin_primary_orthogonal:thin_orthogonal,y_plus_x,1.0211663785451084,-1.0211663785451084,2.0,166,139,0,0.006766500159627794,0.0006766097436699554,0.006089890415957838
dwt_broad_then_median_thin_primary_orthogonal:thin_orthogonal,y_plus_x,1.0211663785451084,-1.0211663785451084,2.0,167,135,0,0.004255789216681101,0.0006766097436699554,0.003579179473011146
dwt_broad_then_median_thin_primary_orthogonal:thin_orthogonal,y_plus_x,1.0211663785451084,-1.0211663785451084,2.0,168,131,0,0.006039587475339172,0.0006766097436699554,0.005362977731669216
dwt_broad_then_median_thin_primary_orthogonal:thin_orthogonal,y_plus_x,1.0211663785451084,-1.0211663785451084,2.0,169,127,0,0.006606251920923286,0.0006766097436699554,0.005929642177253331
dwt_broad_then_median_thin_primary_orthogonal:thin_orthogonal,y_plus_x,1.0211663785451084,-1.0211663785451084,2.0,170,123,0,0.002504517991690317,0.0006766097436699554,0.0018279082480203617
dwt_broad_then_median_thin_primary_orthogonal:thin_orthogonal,y_plus_x,1.0211663785451084,-1.0211663785451084,2.0,171,119,0,0.004954760796013763,0.0006766097436699554,0.004278151052343807
dwt_broad_then_median_thin_primary_orthogonal:thin_orthogonal,y_plus_x,1.0211663785451084,-1.0211663785451084,2.0,172,116,0,-0.0009548433848165436,0.0006766097436699554,-0.001631453128486499
dwt_broad_then_median_thin_primary_orthogonal:thin_orthogonal,y_plus_x,1.0211663785451084,-1.0211663785451084,2.0,173,113,0,-0.001545218345794866,0.0006766097436699554,-0.0022218280894648213
dwt_broad_then_median_thin_primary_orthogonal:thin_orthogonal,y_plus_x,1.0211663785451084,-1.0211663785451084,2.0,174,109,0,-0.00067342740655673,0.0006766097436699554,-0.0013500371502266854
dwt_broad_then_median_thin_primary_orthogonal:thin_orthogonal,y_plus_x,1.0211663785451084,-1.0211663785451084,2.0,175,105,0,0.000491829612245108,0.0006766097436699554,-0.0001847801314248474
dwt_broad_then_median_thin_primary_orthogonal:thin_orthogonal,y_plus_x,1.0211663785451084,-1.0211663785451084,2.0,176,101,0,0.0029996451825719094,0.0006766097436699554,0.002323035438901954
dwt_broad_then_median_thin_primary_orthogonal:thin_orthogonal,y_plus_x,1.0211663785451084,-1.0211663785451084,2.0,177,97,0,0.0061792303601159344,0.0006766097436699554,0.005502620616445979
dwt_broad_then_median_thin_primary_orthogonal:thin_orthogonal,y_plus_x,1.0211663785451084,-1.0211663785451084,2.0,178,93,0,0.008673459647563882,0.0006766097436699554,0.007996849903893927
dwt_broad_then_median_thin_primary_orthogonal:thin_orthogonal,y_plus_x,1.0211663785451084,-1.0211663785451084,2.0,179,89,0,0.006134028718766924,0.0006766097436699554,0.005457418975096969
dwt_broad_then_median_thin_primary_orthogonal:thin_orthogonal,y_plus_x,1.0211663785451084,-1.0211663785451084,2.0,180,85,0,0.002844950094821514,0.0006766097436699554,0.0021683403511515587
dwt_broad_then_median_thin_primary_orthogonal:thin_orthogonal,y_plus_x,1.0211663785451084,-1.0211663785451084,2.0,181,81,0,0.01813964263083779,0.0006766097436699554,0.017463032887167836
dwt_broad_then_median_thin_primary_orthogonal:thin_orthogonal,y_plus_x,1.0211663785451084,-1.0211663785451084,2.0,182,77,0,0.007498877532419625,0.0006766097436699554,0.00682226778874967
dwt_broad_then_median_thin_primary_orthogonal:thin_orthogonal,y_plus_x,1.0211663785451084,-1.0211663785451084,2.0,183,73,0,0.0015021835399767801,0.0006766097436699554,0.0008255737963068248
dwt_broad_then_median_thin_primary_orthogonal:thin_orthogonal,y_plus_x,1.0211663785451084,-1.0211663785451084,2.0,184,69,0,0.009806224503193857,0.0006766097436699554,0.009129614759523902
dwt_broad_then_median_thin_primary_orthogonal:thin_orthogonal,y_plus_x,1.0211663785451084,-1.0211663785451084,2.0,185,65,0,0.008529267128073788,0.0006766097436699554,0.007852657384403832
dwt_broad_then_median_thin_primary_orthogonal:thin_orthogonal,y_plus_x,1.0211663785451084,-1.0211663785451084,2.0,186,61,0,0.0014858801798863456,0.0006766097436699554,0.0008092704362163902
dwt_broad_then_median_thin_primary_orthogonal:thin_orthogonal,y_plus_x,1.0211663785451084,-1.0211663785451084,2.0,187,57,0,-0.0035259708885389002,0.0006766097436699554,-0.004202580632208856
dwt_broad_then_median_thin_primary_orthogonal:thin_orthogonal,y_plus_x,1.0211663785451084,-1.0211663785451084,2.0,188,53,0,-0.003223219521157741,0.0006766097436699554,-0.0038998292648276963
dwt_broad_then_median_thin_primary_orthogonal:thin_orthogonal,y_plus_x,1.0211663785451084,-1.0211663785451084,2.0,189,49,0,-0.0016893132611886016,0.0006766097436699554,-0.002365923004858557
dwt_broad_then_median_thin_primary_orthogonal:thin_orthogonal,y_plus_x,1.0211663785451084,-1.0211663785451084,2.0,190,45,0,-0.005554965666955599,0.0006766097436699554,-0.006231575410625554
dwt_broad_then_median_thin_primary_orthogonal:thin_orthogonal,y_plus_x,1.0211663785451084,-1.0211663785451084,2.0,191,41,0,-0.0017444055460697754,0.0006766097436699554,-0.002421015289739731
dwt_broad_then_median_thin_primary_orthogonal:thin_orthogonal,y_plus_x,1.0211663785451084,-1.0211663785451084,2.0,192,37,0,0.0005045649461990953,0.0006766097436699554,-0.00017204479747086007
dwt_broad_then_median_thin_primary_orthogonal:thin_orthogonal,y_plus_x,1.0211663785451084,-1.0211663785451084,2.0,193,33,0,-0.01170915862117631,0.0006766097436699554,-0.012385768364846266
dwt_broad_then_median_thin_primary_orthogonal:thin_orthogonal,y_plus_x,1.0211663785451084,-1.0211663785451084,2.0,194,29,0,-0.02092003961776399,0.0006766097436699554,-0.021596649361433948
dwt_broad_then_median_thin_primary_orthogonal:thin_orthogonal,y_plus_x,1.0211663785451084,-1.0211663785451084,2.0,195,25,0,-0.003331202001598323,0.0006766097436699554,-0.0040078117452682785
dwt_broad_then_median_thin_primary_orthogonal:thin_orthogonal,y_plus_x,1.0211663785451084,-1.0211663785451084,2.0,196,22,0,0.005658009951071226,0.0006766097436699554,0.004981400207401271
dwt_broad_then_median_thin_primary_orthogonal:thin_orthogonal,y_plus_x,1.0211663785451084,-1.0211663785451084,2.0,197,19,0,-0.004213433223653892,0.0006766097436699554,-0.004890042967323848
dwt_broad_then_median_thin_primary_orthogonal:thin_orthogonal,y_plus_x,1.0211663785451084,-1.0211663785451084,2.0,198,15,0,-0.00850353778577664,0.0006766097436699554,-0.009180147529446596
dwt_broad_then_median_thin_primary_orthogonal:thin_orthogonal,y_plus_x,1.0211663785451084,-1.0211663785451084,2.0,199,11,0,-0.003383583538468922,0.0006766097436699554,-0.0040601932821388775
dwt_broad_then_median_thin_primary_orthogonal:thin_orthogonal,y_plus_x,1.0211663785451084,-1.0211663785451084,2.0,200,7,0,-0.020783390546739104,0.0006766097436699554,-0.021460000290409058
dwt_broad_then_median_thin_primary_orthogonal:thin_orthogonal,y_plus_x,1.0211663785451084,-1.0211663785451084,2.0,201,3,0,nan,0.0006766097436699554,0.0
